--Gold Buy Spies with 1mil gold should be easy to test a lot
UPDATE Units SET PurchaseYield = 'YIELD_GOLD' WHERE UnitType = 'UNIT_SPY';

--Spy Retreat
--UPDATE Units SET CanRetreatWhenCaptured = '1' WHERE UnitType = 'UNIT_SPY';
--Give enables 20 spy capacity to major players for testing purposes
INSERT INTO Modifiers(ModifierId, ModifierType) VALUES
	('MODIFIER_MP_CHEAT_GIVE_20_SPY_CAPACITY', 'MODIFIER_PLAYER_GRANT_SPY');
INSERT INTO ModifierArguments(ModifierId, Name, Value) VALUES
	('MODIFIER_MP_CHEAT_GIVE_20_SPY_CAPACITY', 'Amount', '20');
--Give 3 population to a given city for testing purposes
INSERT INTO Types(Type, Kind) VALUES
	('MODIFIER_SINGLE_CITY_ADD_POPULATION', 'KIND_MODIFIER');
INSERT INTO DynamicModifiers(ModifierType, CollectionType, EffectType) VALUES
	('MODIFIER_SINGLE_CITY_ADD_POPULATION', 'COLLECTION_OWNER', 'EFFECT_ADJUST_CITY_POPULATION');
INSERT INTO Modifiers(ModifierId, ModifierType, RunOnce, Permanent) VALUES
	('MODIFIER_MP_CHEAT_CITY_GAIN_3_POPULATION', 'MODIFIER_SINGLE_CITY_ADD_POPULATION', 1, 1);
INSERT INTO ModifierArguments(ModifierId, Name, Value) VALUES
	('MODIFIER_MP_CHEAT_CITY_GAIN_3_POPULATION', 'Amount', 3);
--attaching those modifiers to projects
INSERT INTO Types(Type, Kind) VALUES
	('PROJECT_MP_CHEAT_20_SPY', 'KIND_PROJECT'),
	('PROJECT_MP_CHEAT_3_POPULATION', 'KIND_PROJECT');
INSERT INTO Projects(ProjectType, Name, ShortName, Description, Cost, CostProgressionModel) VALUES
	('PROJECT_MP_CHEAT_20_SPY', 'LOC_PROJECT_MP_CHEAT_20_SPY_NAME', 'LOC_PROJECT_MP_CHEAT_20_SPY_SHORT_NAME', 'LOC_PROJECT_MP_CHEAT_20_SPY_DESCRIPTION', 1, 'NO_PROGRESSION_MODEL'),
	('PROJECT_MP_CHEAT_3_POPULATION', 'LOC_PROJECT_MP_CHEAT_3_POPULATION_NAME', 'LOC_PROJECT_MP_CHEAT_3_POPULATION_SHORT_NAME', 'LOC_PROJECT_MP_CHEAT_3_POPULATION_DESCRIPTION', 1, 'NO_PROGRESSION_MODEL');
INSERT INTO ProjectCompletionModifiers(ProjectType, ModifierId) VALUES
	('PROJECT_MP_CHEAT_20_SPY', 'MODIFIER_MP_CHEAT_GIVE_20_SPY_CAPACITY'),
	('PROJECT_MP_CHEAT_3_POPULATION', 'MODIFIER_MP_CHEAT_CITY_GAIN_3_POPULATION');
--adding these projects to any generic major civ
INSERT INTO Types(Type, Kind) VALUES
	('MODIFIER_PLAYER_ALLOW_PROJECT', 'KIND_MODIFIER');
INSERT INTO DynamicModifiers(ModifierType, CollectionType, EffectType) VALUES
	('MODIFIER_PLAYER_ALLOW_PROJECT', 'COLLECTION_OWNER', 'EFFECT_ADD_PLAYER_PROJECT_AVAILABILITY');
INSERT INTO Modifiers(ModifierId, ModifierType, SubjectRequirementSetId) VALUES
	('MODIFIER_MP_CHEAT_ENABLE_SPY_PROJECT', 'MODIFIER_PLAYER_ALLOW_PROJECT', 'PLAYER_IS_HUMAN'),
	('MODIFIER_MP_CHEAT_ENABLE_POPULATION_PROJECT', 'MODIFIER_PLAYER_ALLOW_PROJECT', 'PLAYER_IS_HUMAN');
INSERT INTO ModifierArguments(ModifierId, Name, Value) VALUES
	('MODIFIER_MP_CHEAT_ENABLE_SPY_PROJECT', 'ProjectType', 'PROJECT_MP_CHEAT_20_SPY'),
	('MODIFIER_MP_CHEAT_ENABLE_POPULATION_PROJECT', 'ProjectType', 'PROJECT_MP_CHEAT_3_POPULATION');
INSERT INTO TraitModifiers(TraitType, ModifierId) VALUES
	('TRAIT_LEADER_MAJOR_CIV', 'MODIFIER_MP_CHEAT_ENABLE_SPY_PROJECT'),
	('TRAIT_LEADER_MAJOR_CIV', 'MODIFIER_MP_CHEAT_ENABLE_POPULATION_PROJECT');