--Amani Traders
INSERT INTO Requirements(RequirementId, RequirementType) VALUES
    ('PLAYER_HAS_CS_AMANI_CITY_FLAG_REQ', 'REQUIREMENT_PLOT_PROPERTY_MATCHES'),
    ('CITY_HAS_OWN_AMANI_TRADEROUT_REQ', 'REQUIREMENT_PLOT_PROPERTY_MATCHES');
INSERT INTO RequirementArguments(RequirementId, Name, Value) VALUES
    ('PLAYER_HAS_CS_AMANI_CITY_FLAG_REQ', 'PropertyName', 'AMANI_ESTABLISHED_CS'),
    ('PLAYER_HAS_CS_AMANI_CITY_FLAG_REQ', 'PropertyMinimum', '1'),
    ('CITY_HAS_OWN_AMANI_TRADEROUT_REQ', 'PropertyName', 'TRADER_TO_AMANI_CS'),
    ('CITY_HAS_OWN_AMANI_TRADEROUT_REQ', 'PropertyMinimum', '1');
INSERT INTO RequirementSets(RequirementSetId, RequirementSetType) VALUES
    ('CITY_HAS_OWN_AMANI_TRADEROUT_REQSET_BBG', 'REQUIREMENTSET_TEST_ALL');
INSERT INTO RequirementSetRequirements(RequirementSetId, RequirementId) VALUES
    ('CITY_HAS_OWN_AMANI_TRADEROUT_REQSET_BBG', 'PLAYER_HAS_CS_AMANI_CITY_FLAG_REQ'),
    ('CITY_HAS_OWN_AMANI_TRADEROUT_REQSET_BBG', 'CITY_HAS_OWN_AMANI_TRADEROUT_REQ');
INSERT INTO Modifiers(ModifierId, ModifierType, SubjectRequirementSetId) VALUES
    ('CS_AMANI_GIVES_2_FOOD_MODIFIER_BBG', 'MODIFIER_PLAYER_CITIES_ADJUST_CITY_YIELD_CHANGE', 'CITY_HAS_OWN_AMANI_TRADEROUT_REQSET_BBG'),
    ('CS_AMANI_GIVES_2_PROD_MODIFIER_BBG', 'MODIFIER_PLAYER_CITIES_ADJUST_CITY_YIELD_CHANGE', 'CITY_HAS_OWN_AMANI_TRADEROUT_REQSET_BBG');
INSERT INTO ModifierArguments(ModifierId, Name, Value) VALUES
    ('CS_AMANI_GIVES_2_FOOD_MODIFIER_BBG', 'YieldType', 'YIELD_FOOD'),
    ('CS_AMANI_GIVES_2_FOOD_MODIFIER_BBG', 'Amount', 2),
    ('CS_AMANI_GIVES_2_PROD_MODIFIER_BBG', 'YieldType', 'YIELD_PRODUCTION'),
    ('CS_AMANI_GIVES_2_PROD_MODIFIER_BBG', 'Amount', 2);    
INSERT INTO TraitModifiers(TraitType, ModifierId) VALUES
    ('TRAIT_LEADER_MAJOR_CIV', 'CS_AMANI_GIVES_2_FOOD_MODIFIER_BBG'),
    ('TRAIT_LEADER_MAJOR_CIV', 'CS_AMANI_GIVES_2_PROD_MODIFIER_BBG');