INSERT INTO Types(Type, Kind) VALUES
    ('BUILDING_HOLY_COMM', 'KIND_BUILDING'), --1
    ('BUILDING_CAMP_COMM', 'KIND_BUILDING'), --2
    ('BUILDING_ENCA_COMM', 'KIND_BUILDING'), --3
    ('BUILDING_HARB_COMM', 'KIND_BUILDING'), --4
    ('BUILDING_COMM_COMM', 'KIND_BUILDING'), --5
    ('BUILDING_THEA_COMM', 'KIND_BUILDING'), --6
    ('BUILDING_INDU_COMM', 'KIND_BUILDING'); --7

INSERT INTO Buildings(BuildingType, Name, Cost, PrereqDistrict , PurchaseYield,  InternalOnly) VALUES
    ('BUILDING_HOLY_COMM', 'LOC_BUILDING_HOLY_COMM_NAME', '1', 'DISTRICT_HOLY_SITE', NULL, '0'),
    ('BUILDING_CAMP_COMM', 'LOC_BUILDING_CAMP_COMM_NAME', '1', 'DISTRICT_CAMPUS', NULL, '0'),
    ('BUILDING_ENCA_COMM', 'LOC_BUILDING_ENCA_COMM_NAME', '1', 'DISTRICT_ENCAMPMENT', NULL, '0'),
    ('BUILDING_HARB_COMM', 'LOC_BUILDING_HARB_COMM_NAME', '1', 'DISTRICT_HARBOR', NULL, '0'),
    ('BUILDING_COMM_COMM', 'LOC_BUILDING_COMM_COMM_NAME', '1', 'DISTRICT_COMMERCIAL_HUB', NULL, '0'),
    ('BUILDING_THEA_COMM', 'LOC_BUILDING_THEA_COMM_NAME', '1', 'DISTRICT_THEATER', NULL, '0'),
    ('BUILDING_INDU_COMM', 'LOC_BUILDING_INDU_COMM_NAME', '1', 'DISTRICT_INDUSTRIAL_ZONE', NULL, '0');

INSERT INTO Building_CitizenYieldChanges(BuildingType, YieldType, YieldChange) VALUES
    ('BUILDING_HOLY_COMM', 'YIELD_FAITH', '1'),
    ('BUILDING_CAMP_COMM', 'YIELD_SCIENCE', '1'),
    ('BUILDING_ENCA_COMM', 'YIELD_PRODUCTION', '1'),
    ('BUILDING_ENCA_COMM', 'YIELD_GOLD', '1'),
    ('BUILDING_HARB_COMM', 'YIELD_FOOD', '1'),
    ('BUILDING_HARB_COMM', 'YIELD_GOLD', '1'),
    ('BUILDING_COMM_COMM', 'YIELD_GOLD', '1'),
    ('BUILDING_THEA_COMM', 'YIELD_CULTURE', '1'),
    ('BUILDING_INDU_COMM', 'YIELD_PRODUCTION', '1');

-- Creating Modifiers to Add these buildings via Lua on met conditions
INSERT INTO Modifiers(ModifierId, ModifierType) VALUES
    ('MODIFIER_COMMUNISM_HOLY', 'MODIFIER_SINGLE_CITY_GRANT_BUILDING_IN_CITY_IGNORE'),
    ('MODIFIER_COMMUNISM_CAMP', 'MODIFIER_SINGLE_CITY_GRANT_BUILDING_IN_CITY_IGNORE'),
    ('MODIFIER_COMMUNISM_ENCA', 'MODIFIER_SINGLE_CITY_GRANT_BUILDING_IN_CITY_IGNORE'),
    ('MODIFIER_COMMUNISM_HARB', 'MODIFIER_SINGLE_CITY_GRANT_BUILDING_IN_CITY_IGNORE'),
    ('MODIFIER_COMMUNISM_COMM', 'MODIFIER_SINGLE_CITY_GRANT_BUILDING_IN_CITY_IGNORE'),
    ('MODIFIER_COMMUNISM_THEA', 'MODIFIER_SINGLE_CITY_GRANT_BUILDING_IN_CITY_IGNORE'),
    ('MODIFIER_COMMUNISM_INDU', 'MODIFIER_SINGLE_CITY_GRANT_BUILDING_IN_CITY_IGNORE');

INSERT INTO ModifierArguments(ModifierId, Name, Value) VALUES
    ('MODIFIER_COMMUNISM_HOLY', 'BuildingType', 'BUILDING_HOLY_COMM'),
    ('MODIFIER_COMMUNISM_CAMP', 'BuildingType', 'BUILDING_CAMP_COMM'),
    ('MODIFIER_COMMUNISM_ENCA', 'BuildingType', 'BUILDING_ENCA_COMM'),
    ('MODIFIER_COMMUNISM_HARB', 'BuildingType', 'BUILDING_HARB_COMM'),
    ('MODIFIER_COMMUNISM_COMM', 'BuildingType', 'BUILDING_COMM_COMM'),
    ('MODIFIER_COMMUNISM_THEA', 'BuildingType', 'BUILDING_THEA_COMM'),
    ('MODIFIER_COMMUNISM_INDU', 'BuildingType', 'BUILDING_INDU_COMM');