INSERT INTO Requirements(RequirementId, RequirementType) VALUES
	('BBG_REQUIRES_PLOT_HAS_PANTANAL', 'REQUIREMENT_PLOT_FEATURE_TYPE_MATCHES'),
	('BBG_REQUIRES_PLOT_HAS_UBSUNUR', 'REQUIREMENT_PLOT_FEATURE_TYPE_MATCHES');

INSERT INTO RequirementArguments(RequirementId, Name, Value) VALUES
	('BBG_REQUIRES_PLOT_HAS_PANTANAL', 'FeatureType', 'FEATURE_PANTANAL'),
	('BBG_REQUIRES_PLOT_HAS_UBSUNUR', 'FeatureType', 'FEATURE_UBSUNUR_HOLLOW');

INSERT INTO RequirementSets(RequirementSetId, RequirementSetType) VALUES
	('BBG_PLOT_HAS_PANTANAL', 'REQUIREMENTSET_TEST_ALL'),
	('BBG_PLOT_HAS_UBSUNUR', 'REQUIREMENTSET_TEST_ALL');

INSERT INTO RequirementSetRequirements(RequirementSetId, RequirementId) VALUES
	('BBG_PLOT_HAS_PANTANAL', 'BBG_REQUIRES_PLOT_HAS_PANTANAL'),
	('BBG_PLOT_HAS_UBSUNUR', 'BBG_REQUIRES_PLOT_HAS_UBSUNUR');

INSERT INTO Modifiers(ModifierId, ModifierType, SubjectRequirementSetId) VALUES
	('BBG_ETEMENANKI_SCIENCE_PANTANAL', 'MODIFIER_PLAYER_ADJUST_PLOT_YIELD', 'BBG_PLOT_HAS_PANTANAL'),
	('BBG_ETEMENANKI_PRODUCTION_PANTANAL', 'MODIFIER_PLAYER_ADJUST_PLOT_YIELD', 'BBG_PLOT_HAS_PANTANAL'),
	('BBG_ETEMENANKI_SCIENCE_UBSUNUR', 'MODIFIER_PLAYER_ADJUST_PLOT_YIELD', 'BBG_PLOT_HAS_UBSUNUR'),
	('BBG_ETEMENANKI_PRODUCTION_UBSUNUR', 'MODIFIER_PLAYER_ADJUST_PLOT_YIELD', 'BBG_PLOT_HAS_UBSUNUR');

INSERT INTO ModifierArguments(ModifierId, Name, Value) VALUES
	('BBG_ETEMENANKI_SCIENCE_PANTANAL', 'YieldType', 'YIELD_SCIENCE'),
	('BBG_ETEMENANKI_SCIENCE_PANTANAL', 'Amount', '1'),
	('BBG_ETEMENANKI_PRODUCTION_PANTANAL', 'YieldType', 'YIELD_PRODUCTION'),
	('BBG_ETEMENANKI_PRODUCTION_PANTANAL', 'Amount', '1'),
	('BBG_ETEMENANKI_SCIENCE_UBSUNUR', 'YieldType', 'YIELD_SCIENCE'),
	('BBG_ETEMENANKI_SCIENCE_UBSUNUR', 'Amount', '1'),
	('BBG_ETEMENANKI_PRODUCTION_UBSUNUR', 'YieldType', 'YIELD_PRODUCTION'),
	('BBG_ETEMENANKI_PRODUCTION_UBSUNUR', 'Amount', '1');

INSERT INTO BuildingModifiers(BuildingType, ModifierId) VALUES
	('BUILDING_ETEMENANKI', 'BBG_ETEMENANKI_SCIENCE_PANTANAL'),
	('BUILDING_ETEMENANKI', 'BBG_ETEMENANKI_PRODUCTION_PANTANAL'),
	('BUILDING_ETEMENANKI', 'BBG_ETEMENANKI_SCIENCE_UBSUNUR'),
	('BUILDING_ETEMENANKI', 'BBG_ETEMENANKI_PRODUCTION_UBSUNUR');