INSERT INTO TypeTags(Type, Tag) Values
	('ABILITY_MONTEZUMA_COMBAT_BONUS_PER_LUXURY', 'CLASS_WARRIOR_MONK'),
	('ABILITY_TOMYRIS_HEAL_AFTER_DEFEATING_UNIT', 'CLASS_WARRIOR_MONK'),
	('ABILITY_TOMYRIS_BONUS_VS_WOUNDED_UNITS', 'CLASS_WARRIOR_MONK'),
	('ABILITY_AMBIORIX_NEIGHBOR_COMBAT_BONUS', 'CLASS_WARRIOR_MONK'),
	('ABILITY_MUTAL_COMBAT_STRENGTH_NEAR_CAPITAL', 'CLASS_WARRIOR_MONK'),
	('ABILITY_TRAIT_MAPUCHE', 'CLASS_WARRIOR_MONK'),
	('ABILITY_HOJO_TOKIMUNE_COASTAL_COMBAT_BONUS', 'CLASS_WARRIOR_MONK'),
	('ABILITY_PHILIP_II_COMBAT_BONUS_OTHER_RELIGION', 'CLASS_WARRIOR_MONK'),
	('ABILITY_ROOSEVELT_COMBAT_BONUS_HOME_CONTINENT', 'CLASS_WARRIOR_MONK');

--Comandante's
INSERT INTO TypeTags(Type, Tag) Values
	('ABILITY_COMMANDANTE_MELEE_ANTICAV_BUFF','CLASS_WARRIOR_MONK');

--ALL CIVS Interactions
INSERT INTO TypeTags(Type, Tag) Values
	('ABILITY_BARRACKS_TRAINED_UNIT_XP','CLASS_WARRIOR_MONK'),
	('ABILITY_ARMORY_TRAINED_UNIT_XP', 'CLASS_WARRIOR_MONK'),
	('ABILITY_MILITARY_ACADEMY_TRAINED_UNIT_XP','CLASS_WARRIOR_MONK'),
	('ABILITY_GREAT_LIGHTHOUSE_EMBARKED_MOVEMENT', 'CLASS_WARRIOR_MONK'),
	('ABILITY_ALPINE_TRAINING', 'CLASS_WARRIOR_MONK'),
	('ABILITY_FASCISM_ATTACK_BUFF', 'CLASS_WARRIOR_MONK'),
	('ABILITY_FASCISM_LEGACY_ATTACK_BUFF', 'CLASS_WARRIOR_MONK'),
	('ABILITY_TWILIGHT_VALOR_ATTACK_BONUS', 'CLASS_WARRIOR_MONK'),
	('ABILITY_COMMUNISM_DEFENSE_BUFF', 'CLASS_WARRIOR_MONK'),
	('ABILITY_GLOBAL_COALITION_FRIENDLY_TERRITORY', 'CLASS_WARRIOR_MONK'),
	('ABILITY_DIGITAL_DEMOCRACY_DEBUFF', 'CLASS_WARRIOR_MONK'),
	('ABILITY_FINEST_HOUR_FRIENDLY_TERRITORY', 'CLASS_WARRIOR_MONK');

--Generals
INSERT INTO TypeTags(Type, Tag) Values
	('ABILITY_GEORGY_ZHUKOV_FLANKING_BONUS', 'CLASS_WARRIOR_MONK'),
	('ABILITY_VIJAYA_WIMALARATNE_BONUS_EXPERIENCE', 'CLASS_WARRIOR_MONK'),
	('ABILITY_JOHN_MONASH_BONUS_EXPERIENCE','CLASS_WARRIOR_MONK'),
	('ABILITY_TIMUR_BONUS_EXPERIENCE', 'CLASS_WARRIOR_MONK');

--DELETE WALL BREAKER since now ram works, and with CS and monk requirement he would be too strong
DELETE FROM TypeTags WHERE Type = 'WARRIOR_MONK_WALL_BREAKER_BBG';
DELETE FROM Types WHERE Type = 'WARRIOR_MONK_WALL_BREAKER_BBG';
DELETE FROM Modifiers WHERE ModifierId = 'ENABLE_WALL_ATTACK_WHOLE_GAME_MONK_BBG';
DELETE FROM ModifierArguments WHERE ModifierId = 'ENABLE_WALL_ATTACK_WHOLE_GAME_MONK_BBG';
DELETE FROM UnitAbilities WHERE UnitAbilityType = 'WARRIOR_MONK_WALL_BREAKER_BBG';
DELETE FROM UnitAbilityModifiers WHERE UnitAbilityType = 'WARRIOR_MONK_WALL_BREAKER_BBG';

--MONK RAM, SEIGE TOWER
INSERT INTO Modifiers(ModifierId, ModifierType) Values
	('BBG_ENABLE_WALL_ATTACK_MONK', 'MODIFIER_PLAYER_UNIT_ADJUST_ENABLE_WALL_ATTACK_PROMOTION_CLASS'),
	('BBG_BYPASS_WALLS_MONK','MODIFIER_PLAYER_UNIT_ADJUST_BYPASS_WALLS_PROMOTION_CLASS'),
	('BBG_ENABLE_WALL_ATTACK_NIHANG', 'MODIFIER_PLAYER_UNIT_ADJUST_ENABLE_WALL_ATTACK_PROMOTION_CLASS'),
	('BBG_BYPASS_WALLS_NIHANG','MODIFIER_PLAYER_UNIT_ADJUST_BYPASS_WALLS_PROMOTION_CLASS');

INSERT INTO ModifierArguments(ModifierId, Name, Value) Values
	('BBG_ENABLE_WALL_ATTACK_MONK', 'PromotionClass', 'PROMOTION_CLASS_MONK'),
	('BBG_BYPASS_WALLS_MONK', 'PromotionClass', 'PROMOTION_CLASS_MONK'),
	('BBG_ENABLE_WALL_ATTACK_NIHANG', 'PromotionClass', 'PROMOTION_CLASS_NIHANG'),
	('BBG_BYPASS_WALLS_NIHANG', 'PromotionClass', 'PROMOTION_CLASS_NIHANG');

INSERT INTO UnitAbilityModifiers(UnitAbilityType, ModifierId) Values
	('ABILITY_ENABLE_WALL_ATTACK_PROMOTION_CLASS','BBG_ENABLE_WALL_ATTACK_MONK'),
	('ABILITY_BYPASS_WALLS_PROMOTION_CLASS','BBG_BYPASS_WALLS_MONK'),
	('ABILITY_ENABLE_WALL_ATTACK_PROMOTION_CLASS', 'BBG_ENABLE_WALL_ATTACK_NIHANG'),
	('ABILITY_BYPASS_WALLS_PROMOTION_CLASS', 'BBG_BYPASS_WALLS_NIHANG');

--MONK AKKAD
INSERT INTO Modifiers(ModifierId, ModifierType, SubjectRequirementSetId) Values
	('MINOR_CIV_AKKAD_UNIQUE_INFLUENCE_BONUS_MONK_BBG', 'MODIFIER_ALL_PLAYERS_ATTACH_MODIFIER', 'PLAYER_IS_SUZERAIN'),
	('MINOR_CIV_AKKAD_ENABLE_WALL_ATTACK_WHOLE_GAME_MONK_BBG', 'MODIFIER_PLAYER_UNITS_ADJUST_ENABLE_WALL_ATTACK_WHOLE_GAME_PROMOTION_CLASS', NULL);	

INSERT INTO ModifierArguments(ModifierId, Name , Value) Values
	('MINOR_CIV_AKKAD_ENABLE_WALL_ATTACK_WHOLE_GAME_MONK_BBG', 'PromotionClass', 'PROMOTION_CLASS_MONK'),
	('MINOR_CIV_AKKAD_UNIQUE_INFLUENCE_BONUS_MONK_BBG', 'ModifierId', 'MINOR_CIV_AKKAD_ENABLE_WALL_ATTACK_WHOLE_GAME_MONK_BBG');

INSERT INTO TraitModifiers(TraitType, ModifierId) Values
	('MINOR_CIV_AKKAD_TRAIT', 'MINOR_CIV_AKKAD_UNIQUE_INFLUENCE_BONUS_MONK_BBG');

--MONKS and NIHANGS GENERAL (this one is tricky)
INSERT INTO Requirements(RequirementId, RequirementType) Values
	('BBG_REQUIRES_NIHANG', 'REQUIREMENT_UNIT_TAG_MATCHES'),
	('BBG_REQUIRES_MONK', 'REQUIREMENT_UNIT_TAG_MATCHES');

INSERT INTO RequirementArguments(RequirementId, Name , Value) Values
	('BBG_REQUIRES_NIHANG', 'Tag', 'CLASS_LAHORE_NIHANG'),
	('BBG_REQUIRES_MONK', 'Tag', 'CLASS_WARRIOR_MONK');

INSERT INTO RequirementSetRequirements(RequirementSetId, RequirementId) Values
	('AOE_CLASSICAL_REQUIREMENTS', 'BBG_REQUIRES_NIHANG'),
	('AOE_CLASSICAL_REQUIREMENTS', 'BBG_REQUIRES_MONK'),
	('AOE_MEDIEVAL_REQUIREMENTS', 'BBG_REQUIRES_NIHANG'),
	('AOE_MEDIEVAL_REQUIREMENTS', 'BBG_REQUIRES_MONK'),
	('AOE_RENAISSANCE_REQUIREMENTS', 'BBG_REQUIRES_NIHANG'),
	('AOE_RENAISSANCE_REQUIREMENTS', 'BBG_REQUIRES_MONK'),
	('AOE_INDUSTRIAL_REQUIREMENTS', 'BBG_REQUIRES_NIHANG'),
	('AOE_INDUSTRIAL_REQUIREMENTS', 'BBG_REQUIRES_MONK'),
	('AOE_MODERN_REQUIREMENTS', 'BBG_REQUIRES_NIHANG'),
	('AOE_MODERN_REQUIREMENTS', 'BBG_REQUIRES_MONK'),
	('AOE_ATOMIC_REQUIREMENTS', 'BBG_REQUIRES_NIHANG'),
	('AOE_ATOMIC_REQUIREMENTS', 'BBG_REQUIRES_MONK'),
	('AOE_INFORMATION_REQUIREMENTS', 'BBG_REQUIRES_NIHANG'),
	('AOE_INFORMATION_REQUIREMENTS', 'BBG_REQUIRES_MONK');